{
    "default_filament_colour": [
        "#000000"
    ],
    "enable_pressure_advance": [
        "1"
    ],
    "filament_flow_ratio": [
        "0.9188"
    ],
    "filament_settings_id": [
        "eSUN PLA + @ Kabootar - Black"
    ],
    "from": "User",
    "hot_plate_temp": [
        "60"
    ],
    "hot_plate_temp_initial_layer": [
        "65"
    ],
    "inherits": "eSUN PLA + @Creality Ender-3 V3 SE 0.4 nozzle",
    "is_custom_defined": "0",
    "name": "eSUN PLA + @ Kabootar - Black",
    "nozzle_temperature": [
        "205"
    ],
    "nozzle_temperature_initial_layer": [
        "205"
    ],
    "pressure_advance": [
        "0.1"
    ],
    "version": "2.1.0.0"
}
