{
    "from": "User",
    "gcode_flavor": "klipper",
    "inherits": "Creality Ender-3 S1 Pro 0.4 nozzle",
    "is_custom_defined": "0",
    "machine_end_gcode": "PRINT_END",
    "machine_start_gcode": "M117\nM190 S0 ; set bed temperature and wait for it to be reached\nM104 S0 ; set nozzle temperature\nM109 S0 ; set nozzle temperature and wait for it to be reached\nPRINT_START     BED=[bed_temperature_initial_layer_single]     EXTRUDER=[nozzle_temperature_initial_layer]",
    "name": "TypePhase - Ender 3 Pro",
    "print_host": "192.168.42.100",
    "printable_height": "250",
    "printer_settings_id": "TypePhase - Ender 3 Pro",
    "retraction_length": [
        "0.4"
    ],
    "version": "2.0.2.0"
}
