{
    "bridge_flow": "0.99",
    "enable_support": "1",
    "from": "User",
    "infill_wall_overlap": "5%",
    "inherits": "0.20mm Standard @Creality Ender3V3SE 0.4",
    "initial_layer_line_width": "0.48",
    "inner_wall_line_width": "0.48",
    "internal_solid_infill_line_width": "0.48",
    "is_custom_defined": "0",
    "layer_height": "0.1",
    "line_width": "0.48",
    "name": "0.1mm @ Kabootar",
    "outer_wall_line_width": "0.48",
    "print_settings_id": "0.1mm @ Kabootar",
    "resolution": "0.025",
    "seam_gap": "0",
    "skirt_loops": "2",
    "sparse_infill_density": "5%",
    "sparse_infill_line_width": "0.48",
    "sparse_infill_pattern": "gyroid",
    "support_line_width": "0.48",
    "support_style": "default",
    "support_type": "tree(manual)",
    "top_solid_infill_flow_ratio": "0.99",
    "top_surface_line_width": "0.48",
    "version": "2.1.0.0"
}
